<ru-patent-document xsd-version="2.0.0" ru-remain-in-force="true"><bibliographic-data><assignees><assignee><ru-name>ОБЩЕСТВО С ОГРАНИЧЕННОЙ ОТВЕТСТВЕННОСТЬЮ "ТРИА СИСТЕМЗ"</ru-name><ru-OGRN>1137746725951</ru-OGRN><ru-address>109263, Москва, вн.тер.г. муниципальный окр. Текстильщики, ул. 7-я Текстильщиков, 1-29</ru-address><ru-country>RU</ru-country><ru-inn>7723880303</ru-inn></assignee></assignees><parties><ru-inventors-resigned-mention>1</ru-inventors-resigned-mention><ru-inventors-all>1</ru-inventors-all><correspondence-address>109559,
Москва,
ул. Белореченская, 6, кв. 460,
Харсеко В.В.</correspondence-address><ru-third-party-address>нет</ru-third-party-address></parties><ru-invention><ru-program><ru-program-name>OpenAM PRO</ru-program-name><ru-creation-date>2018</ru-creation-date></ru-program></ru-invention></bibliographic-data><ru-ident><B100><B110>2024690792</B110><B130>ПрЭВМ</B130><B140><date>2024-12-06</date></B140><B190>RU</B190></B100><B200><B210>2024691683</B210><B220><date>2024-12-23</date></B220></B200></ru-ident><ru-notification date-publ="2024-12-23" bul-chapter="1" kind="ACTUAL_STATE" ru-kind="PROGRAM" /></ru-patent-document>