<ru-patent-document xsd-version="2.0.0" ru-remain-in-force="true"><bibliographic-data><assignees><assignee><ru-name>ОБЩЕСТВО С ОГРАНИЧЕННОЙ ОТВЕТСТВЕННОСТЬЮ «ТРИА СИСТЕМЗ»</ru-name><ru-OGRN>1137746725951</ru-OGRN><ru-address>109263, Москва, вн.тер.г. муниципальный округ Текстильщики, ул. 7-я Текстильщиков, 1-29</ru-address><ru-country>RU</ru-country><ru-inn>7723880303</ru-inn></assignee></assignees><parties><ru-inventors-resigned-mention>1</ru-inventors-resigned-mention><ru-inventors-all>2</ru-inventors-all><inventors><inventor><ru-full-name>Харсеко Валерий Валерьевич</ru-full-name><ru-nationality>RU</ru-nationality><ru-address>109559 Москва Белореченская 6-460</ru-address><ru-mention-as>2</ru-mention-as></inventor></inventors><correspondence-address>109387,
Москва, 7ая Текстильщиков, 1-29</correspondence-address></parties><ru-invention><ru-program><ru-program-name>OpenDJ PRO</ru-program-name><ru-creation-date>2018</ru-creation-date></ru-program></ru-invention></bibliographic-data><ru-ident><B100><B110>2024687131</B110><B130>ПрЭВМ</B130><B140><date>2024-11-13</date></B140><B190>RU</B190></B100><B200><B210>2024688921</B210><B220><date>2024-12-02</date></B220></B200></ru-ident><ru-notification date-publ="2024-12-02" bul-chapter="12" kind="ACTUAL_STATE" ru-kind="PROGRAM" /></ru-patent-document>